DATE,DAILY,MONTHLY,WEEKLY
"Wednesday, 1 April 2026",0.265,0.265,0.679
"Thursday, 2 April 2026",0.22,0.485,
"Friday, 3 April 2026",0.194,0.679,
"Saturday, 4 April 2026",0.73,1.409,6.191
"Sunday, 5 April 2026",0.984,2.393,
"Monday, 6 April 2026",1.25,3.643,
"Tuesday, 7 April 2026",1.18,4.823,
"Wednesday, 8 April 2026",1.09,5.913,
"Thursday, 9 April 2026",0.529,6.442,
"Friday, 10 April 2026",0.428,6.87,
"Saturday, 11 April 2026",1.01,7.88,16.777
"Sunday, 12 April 2026",4.59,12.47,
"Monday, 13 April 2026",5.18,17.65,
"Tuesday, 14 April 2026",2.68,20.33,
"Wednesday, 15 April 2026",1.67,22,
"Thursday, 16 April 2026",0.916,22.916,
"Friday, 17 April 2026",0.731,23.647,
"Saturday, 18 April 2026",1.6,25.247,22.005
"Sunday, 19 April 2026",5.8,31.047,
"Monday, 20 April 2026",6.98,38.027,
"Tuesday, 21 April 2026",3.29,41.317,
"Wednesday, 22 April 2026",2.31,43.627,
"Thursday, 23 April 2026",1.07,44.697,
"Friday, 24 April 2026",0.955,45.652,
"Saturday, 25 April 2026",2.21,47.862,21.882
"Sunday, 26 April 2026",5.93,53.792,
"Monday, 27 April 2026",6.99,60.782,
"Tuesday, 28 April 2026",3.23,64.012,
"Wednesday, 29 April 2026",1.84,65.852,
"Thursday, 30 April 2026",0.812,66.664,
"Friday, 1 May 2026",0.87,0.87,
"Saturday, 2 May 2026",2.1,2.97,22.79
"Sunday, 3 May 2026",7.1,10.07,
"Monday, 4 May 2026",6,16.07,
"Tuesday, 5 May 2026",3.55,19.62,
"Wednesday, 6 May 2026",1.88,21.5,
"Thursday, 7 May 2026",1.2,22.7,
"Friday, 8 May 2026",0.96,23.66,
"Saturday, 9 May 2026",1.4,25.06,21.7
"Sunday, 10 May 2026",6.75,31.81,
"Monday, 11 May 2026",6.05,37.86,
"Tuesday, 12 May 2026",3.35,41.21,
"Wednesday, 13 May 2026",2.1,43.31,
"Thursday, 14 May 2026",1.1,44.41,
"Friday, 15 May 2026",0.95,45.36,
"Saturday, 16 May 2026",1.5,46.86,21.39
"Sunday, 17 May 2026",7.1,53.96,
"Monday, 18 May 2026",6.1,60.06,
"Tuesday, 19 May 2026",3.1,63.16,
"Wednesday, 20 May 2026",1.58,64.74,
"Thursday, 21 May 2026",1.12,65.86,
"Friday, 22 May 2026",0.89,66.75,
"Saturday, 23 May 2026",1.7,68.45,21.62
"Sunday, 24 May 2026",7.34,75.79,
"Monday, 25 May 2026",5.84,81.63,
"Tuesday, 26 May 2026",2.98,84.61,
"Wednesday, 27 May 2026",1.6,86.21,
"Thursday, 28 May 2026",1.15,87.36,
"Friday, 29 May 2026",1.01,88.37,
"Saturday, 30 May 2026",2.56,90.93,21.262
"Sunday, 31 May 2026",6.71,97.64,
"Monday, 1 June 2026",5.66,5.66,
"Tuesday, 2 June 2026",3.07,8.73,
"Wednesday, 3 June 2026",1.65,10.38,
"Thursday, 4 June 2026",0.998,11.378,
"Friday, 5 June 2026",0.614,11.992,
"Saturday, 6 June 2026",1.26,13.252,9.866
"Sunday, 7 June 2026",2.59,15.842,
"Monday, 8 June 2026",2.03,17.872,
"Tuesday, 9 June 2026",1.55,19.422,
"Wednesday, 10 June 2026",1.07,20.492,
"Thursday, 11 June 2026",0.626,21.118,
"Friday, 12 June 2026",0.74,21.858,
"Saturday, 13 June 2026",2.18,24.038,21.76
"Sunday, 14 June 2026",6.86,30.898,
"Monday, 15 June 2026",5.75,36.648,
"Tuesday, 16 June 2026",3.09,39.738,
"Wednesday, 17 June 2026",1.68,41.418,
"Thursday, 18 June 2026",1.13,42.548,
"Friday, 19 June 2026",1.07,43.618,
"Saturday, 20 June 2026",1.58,45.198,19.689
"Sunday, 21 June 2026",6.77,51.968,
"Monday, 22 June 2026",5.34,57.308,
"Tuesday, 23 June 2026",2.63,59.938,
"Wednesday, 24 June 2026",1.57,61.508,
"Thursday, 25 June 2026",0.976,62.484,
"Friday, 26 June 2026",0.823,63.307,
"Saturday, 27 June 2026",2.2,65.507,19.017
"Sunday, 28 June 2026",6.45,71.957,
"Monday, 29 June 2026",4.76,76.717,
"Tuesday, 30 June 2026",2.84,79.557,
"Wednesday, 1 July 2026",1.43,0,
"Thursday, 2 July 2026",0.631,0.631,
"Friday, 3 July 2026",0.706,1.337,
"Saturday, 4 July 2026",1.83,3.167,16.1
"Sunday, 5 July 2026",5.13,8.297,
"Monday, 6 July 2026",4.08,12.377,
"Tuesday, 7 July 2026",2.13,14.507,
"Wednesday, 8 July 2026",1.28,15.787,
"Thursday, 9 July 2026",0.871,16.658,
"Friday, 10 July 2026",0.779,17.437,
"Saturday, 11 July 2026",2.19,19.627,17.485
"Sunday, 12 July 2026",5.8,25.427,
"Monday, 13 July 2026",4.35,29.777,
"Tuesday, 14 July 2026",2.22,31.997,
"Wednesday, 15 July 2026",1.29,33.287,
"Thursday, 16 July 2026",0.89,34.177,
"Friday, 17 July 2026",0.745,34.922,
"Saturday, 18 July 2026",2.19,37.112,22.02
"Sunday, 19 July 2026",6.68,43.792,
"Monday, 20 July 2026",5.88,49.672,
"Tuesday, 21 July 2026",3.33,53.002,
"Wednesday, 22 July 2026",1.9,54.902,
"Thursday, 23 July 2026",1,55.902,
"Friday, 24 July 2026",1.04,56.942,
"Saturday, 25 July 2026",3.41,60.352,24.12
"Sunday, 26 July 2026",8,68.352,
"Monday, 27 July 2026",5.71,74.062,
"Tuesday, 28 July 2026",3.18,77.242,
"Wednesday, 29 July 2026",1.83,79.072,
"Thursday, 30 July 2026",1.09,80.162,
"Friday, 31 July 2026",0.9,81.062,
"Saturday, 1 August 2026",3.13,3.13,23.674
"Sunday, 2 August 2026",7.94,11.07,
"Monday, 3 August 2026",5.65,16.72,
"Tuesday, 4 August 2026",3.15,19.87,
"Wednesday, 5 August 2026",1.68,21.55,
"Thursday, 6 August 2026",1.17,22.72,
"Friday, 7 August 2026",0.954,23.67,
"Saturday, 8 August 2026",1.33,25.00,22.27
"Sunday, 9 August 2026",8.56,33.56,
"Monday, 10 August 2026",5.75,39.31,
"Tuesday, 11 August 2026",2.65,41.96,
"Wednesday, 12 August 2026",1.84,43.80,
"Thursday, 13 August 2026",1.1,44.90,
"Friday, 14 August 2026",1.04,45.94,
"Saturday, 15 August 2026",3.11,49.05,23.1753
"Sunday, 16 August 2026",7.83,56.88,
"Monday, 17 August 2026",5.98,62.86,
"Tuesday, 18 August 2026",2.86,65.72,
"Wednesday, 19 August 2026",1.53,67.25,
"Thursday, 20 August 2026",0.9085,68.16,
"Friday, 21 August 2026",0.9568,69.12,
"Saturday, 22 August 2026",2.62,71.74,18.537
"Sunday, 23 August 2026",5.28,77.02,
"Monday, 24 August 2026",5.12,82.14,
"Tuesday, 25 August 2026",2.4,84.54,
"Wednesday, 26 August 2026",1.35,85.89,
"Thursday, 27 August 2026",0.9,86.79,
"Friday, 28 August 2026",0.867,87.66,
"Saturday, 29 August 2026",1.79,89.45,14.381
"Sunday, 30 August 2026",3.98,93.43,
"Monday, 31 August 2026",4.07,97.50,
"Tuesday, 1 September 2026",1.8,1.80,
"Wednesday, 2 September 2026",1.13,2.93,
"Thursday, 3 September 2026",0.911,3.84,
"Friday, 4 September 2026",0.7,4.54,
"Saturday, 5 September 2026",1.29,5.83,10.412
"Sunday, 6 September 2026",2.68,8.51,
"Monday, 7 September 2026",2.77,11.28,
"Tuesday, 8 September 2026",1.54,12.82,
"Wednesday, 9 September 2026",0.939,13.76,
"Thursday, 10 September 2026",0.661,14.42,
"Friday, 11 September 2026",0.532,14.95,
"Saturday, 12 September 2026",0.429,15.38,6.651
"Sunday, 13 September 2026",1.42,16.80,
"Monday, 14 September 2026",1.98,18.78,
"Tuesday, 15 September 2026",0.982,19.76,
"Wednesday, 16 September 2026",0.742,20.51,
"Thursday, 17 September 2026",0.636,21.14,
"Friday, 18 September 2026",0.462,21.60,
"Saturday, 19 September 2026",0.245,21.85,3.761
"Sunday, 20 September 2026",0.558,22.41,
"Monday, 21 September 2026",0.926,23.33,
"Tuesday, 22 September 2026",0.739,24.07,
"Wednesday, 23 September 2026",0.516,24.59,
"Thursday, 24 September 2026",0.485,25.07,
"Friday, 25 September 2026",0.292,25.37,
"Saturday, 26 September 2026",0.238,25.60,0.525
"Sunday, 27 September 2026",0.287,25.89,
"Monday, 28 September 2026",,25.89,
"Tuesday, 29 September 2026",,25.89,
"Wednesday, 30 September 2026",,25.89,
,,,
,,,
